id,focus,signal,slack,drag,confidence,score,lane,kind,invariant
g001,index fit,46,77,4,71,295,ship,baseline,monotonic-signal
g002,join width,89,47,7,54,305,ship,edge,drag-penalty
g003,constraint risk,114,70,10,62,382,ship,recovery,confidence-floor
g004,plan drift,42,14,13,59,164,watch,negative,lane-boundary
g005,index fit,53,58,16,62,224,ship,baseline,monotonic-signal
g006,join width,106,48,19,68,320,ship,edge,drag-penalty
g007,constraint risk,92,10,43,75,172,watch,recovery,confidence-floor
g008,plan drift,89,29,14,40,231,ship,negative,lane-boundary
g009,index fit,91,76,43,70,226,ship,baseline,monotonic-signal
g010,join width,95,67,38,47,199,watch,edge,drag-penalty
g011,constraint risk,101,30,16,83,334,ship,recovery,confidence-floor
g012,plan drift,107,49,28,105,361,ship,negative,lane-boundary
g013,index fit,114,61,32,35,231,ship,baseline,monotonic-signal
g014,join width,33,34,39,47,38,hold,edge,drag-penalty
g015,constraint risk,40,23,44,58,43,hold,recovery,confidence-floor
g016,plan drift,91,20,6,25,228,ship,negative,lane-boundary
g017,index fit,76,56,9,56,284,ship,baseline,monotonic-signal
g018,join width,116,42,12,33,292,ship,edge,drag-penalty
g019,constraint risk,51,72,36,26,82,hold,recovery,confidence-floor
g020,plan drift,110,55,29,70,299,ship,negative,lane-boundary
g021,index fit,55,49,27,53,157,watch,baseline,monotonic-signal
g022,join width,75,13,27,61,177,watch,edge,drag-penalty
g023,constraint risk,89,33,29,58,211,ship,recovery,confidence-floor
g024,plan drift,99,10,31,61,206,ship,negative,lane-boundary
g025,index fit,64,50,34,67,176,watch,baseline,monotonic-signal
g026,join width,50,59,37,74,159,watch,edge,drag-penalty
g027,constraint risk,90,66,40,39,164,watch,recovery,confidence-floor
g028,plan drift,70,72,43,69,178,watch,negative,lane-boundary
g029,index fit,63,77,4,46,279,ship,baseline,monotonic-signal
g030,join width,107,12,28,82,278,ship,edge,drag-penalty
g031,constraint risk,45,52,41,104,186,watch,recovery,confidence-floor
g032,plan drift,87,75,28,34,205,ship,negative,lane-boundary
g033,index fit,42,19,23,46,103,hold,baseline,monotonic-signal
g034,join width,67,63,43,57,139,watch,edge,drag-penalty
g035,constraint risk,83,53,13,24,215,ship,recovery,confidence-floor
g036,plan drift,94,15,17,55,245,ship,negative,lane-boundary
g037,index fit,59,34,24,32,120,watch,baseline,monotonic-signal
g038,join width,45,11,29,25,35,hold,edge,drag-penalty
g039,constraint risk,42,72,33,69,162,watch,recovery,confidence-floor
g040,plan drift,44,35,36,52,83,hold,negative,lane-boundary
g041,index fit,48,54,39,60,114,watch,baseline,monotonic-signal
g042,join width,54,66,21,57,204,ship,edge,drag-penalty
g043,constraint risk,60,39,14,60,223,ship,recovery,confidence-floor
g044,plan drift,67,28,12,66,246,ship,negative,lane-boundary
g045,index fit,74,25,12,73,271,ship,baseline,monotonic-signal
g046,join width,81,61,14,38,243,ship,edge,drag-penalty
g047,constraint risk,44,47,16,68,207,ship,recovery,confidence-floor
g048,plan drift,117,77,19,45,325,ship,negative,lane-boundary
g049,index fit,69,60,22,81,272,ship,baseline,monotonic-signal
g050,join width,92,54,25,103,344,ship,edge,drag-penalty
g051,constraint risk,63,18,28,33,98,hold,recovery,confidence-floor
g052,plan drift,96,38,31,45,196,watch,negative,lane-boundary
g053,index fit,116,15,13,56,307,ship,baseline,monotonic-signal
g054,join width,42,55,26,23,81,hold,edge,drag-penalty
g055,constraint risk,52,64,13,54,224,ship,recovery,confidence-floor
g056,plan drift,105,71,8,31,311,ship,negative,lane-boundary
g057,index fit,91,77,28,24,195,watch,baseline,monotonic-signal
g058,join width,43,12,40,68,74,hold,edge,drag-penalty
g059,constraint risk,111,17,44,51,165,watch,recovery,confidence-floor
g060,plan drift,104,57,9,59,347,ship,negative,lane-boundary
g061,index fit,60,10,14,56,186,watch,baseline,monotonic-signal
g062,join width,86,24,18,59,242,ship,edge,drag-penalty
g063,constraint risk,40,68,21,65,194,watch,recovery,confidence-floor
g064,plan drift,83,58,24,72,272,ship,negative,lane-boundary
g065,index fit,108,20,6,37,286,ship,baseline,monotonic-signal
g066,join width,36,39,41,67,81,hold,edge,drag-penalty
g067,constraint risk,47,16,39,44,42,hold,recovery,confidence-floor
g068,plan drift,100,77,39,80,281,ship,negative,lane-boundary
g069,index fit,86,40,41,102,252,ship,baseline,monotonic-signal
g070,join width,83,59,43,32,117,watch,edge,drag-penalty
g071,constraint risk,85,71,4,44,313,ship,recovery,confidence-floor
g072,plan drift,89,44,7,55,304,ship,negative,lane-boundary
g073,index fit,95,33,10,22,227,ship,baseline,monotonic-signal
g074,join width,101,30,13,53,286,ship,edge,drag-penalty
g075,constraint risk,108,66,16,30,278,ship,recovery,confidence-floor
g076,plan drift,115,52,40,23,168,watch,negative,lane-boundary
g077,index fit,34,12,11,67,170,watch,baseline,monotonic-signal
g078,join width,85,65,40,50,175,watch,edge,drag-penalty
g079,constraint risk,70,59,35,58,175,watch,recovery,confidence-floor
g080,plan drift,110,23,13,55,301,ship,negative,lane-boundary
g081,index fit,45,43,25,58,149,watch,baseline,monotonic-signal
g082,join width,104,20,29,64,240,ship,edge,drag-penalty
g083,constraint risk,49,60,36,71,156,watch,recovery,confidence-floor
g084,plan drift,69,69,41,36,115,watch,negative,lane-boundary
g085,index fit,83,76,45,66,194,watch,baseline,monotonic-signal
g086,join width,93,12,6,43,260,ship,edge,drag-penalty
g087,constraint risk,58,17,9,79,255,ship,recovery,confidence-floor
g088,plan drift,44,22,33,101,180,watch,negative,lane-boundary
g089,index fit,84,62,26,31,188,watch,baseline,monotonic-signal
g090,join width,64,15,24,43,133,watch,edge,drag-penalty
g091,constraint risk,57,29,24,54,155,watch,recovery,confidence-floor
g092,plan drift,101,73,26,21,213,ship,negative,lane-boundary
g093,index fit,39,63,28,52,133,watch,baseline,monotonic-signal
g094,join width,81,25,31,29,121,watch,edge,drag-penalty
g095,constraint risk,36,44,34,22,24,hold,recovery,confidence-floor
g096,plan drift,61,21,37,66,127,watch,negative,lane-boundary
